event,location,latitude,longitude,country,season,year,variety_or_method,avg_height_cm,rainfall_mm,avg_temp_c,actual_yield_q_ha,actual_yield_mt_ha,spatial_group
IND_RI_AKO_1979,Akola,20.71,77.05,India,Kharif,1979,irrigation at 40 mm CPE;Treatment:I1,48.2,792.6000000000001,28.58043478260869,30.62,3.0620000000000003,Akola
IND_RI_AKO_1979,Akola,20.71,77.05,India,Kharif,1979,irrigation at 30 mm CPE;Treatment:I2,50.6,792.6000000000001,28.58043478260869,36.13,3.613,Akola
IND_RI_AKO_1979,Akola,20.71,77.05,India,Kharif,1979,irrigation at 20 mm CPE;Treatment:I3,53.1,792.6000000000001,28.58043478260869,38.44,3.844,Akola
IND_RI_AKO_1979,Akola,20.71,77.05,India,Kharif,1979,no puddling;Treatment:D0,49.2,792.6000000000001,28.58043478260869,32.93,3.293,Akola
IND_RI_AKO_1979,Akola,20.71,77.05,India,Kharif,1979,puddling upto 5 cm depth;Treatment:D1,49.8,792.6000000000001,28.58043478260869,33.91,3.391,Akola
IND_RI_AKO_1979,Akola,20.71,77.05,India,Kharif,1979,puddling upto 10 cm depth;Treatment:D2,51.0,792.6000000000001,28.58043478260869,35.6,3.5600000000000005,Akola
IND_RI_AKO_1979,Akola,20.71,77.05,India,Kharif,1979,puddling upto 15 cm depth;Treatment:D3,51.5,792.6000000000001,28.58043478260869,35.73,3.573,Akola
IND_RI_AKO_1979,Akola,20.71,77.05,India,Kharif,1979,puddling upto 20 cm depth;Treatment:D4,51.8,792.6000000000001,28.58043478260869,37.17,3.717000000000001,Akola
IND_RI_JAB_1986,Jabalpur,23.9,79.5,India,Kharif,1986,Treatment:T1,72.42,1097.1,30.334615384615383,39.27,3.927000000000001,Jabalpur
IND_RI_JAB_1986,Jabalpur,23.9,79.5,India,Kharif,1986,Treatment:T2,76.25,1097.1,30.334615384615383,39.61,3.961,Jabalpur
IND_RI_JAB_1986,Jabalpur,23.9,79.5,India,Kharif,1986,Treatment:T3,72.87,1097.1,30.334615384615383,35.89,3.5890000000000004,Jabalpur
IND_RI_JAB_1986,Jabalpur,23.9,79.5,India,Kharif,1986,Treatment:T4,72.62,1097.1,30.334615384615383,31.5,3.1500000000000004,Jabalpur
IND_RI_JAB_1986,Jabalpur,23.9,79.5,India,Kharif,1986,Treatment:T5,72.21,1097.1,30.334615384615383,35.63,3.5630000000000006,Jabalpur
IND_RI_JAB_1986,Jabalpur,23.9,79.5,India,Kharif,1986,Treatment:T6,72.65,1097.1,30.334615384615383,39.35,3.935000000000001,Jabalpur
IND_RI_JAB_1986,Jabalpur,23.9,79.5,India,Kharif,1986,Treatment:T7,73.76,1097.1,30.334615384615383,36.3,3.63,Jabalpur
IND_RI_JAB_1986,Jabalpur,23.9,79.5,India,Kharif,1986,Treatment:T8,76.63,1097.1,30.334615384615383,36.85,3.685000000000001,Jabalpur
IND_RI_JAB_1986,Jabalpur,23.9,79.5,India,Kharif,1986,Treatment:T9,73.57,1097.1,30.334615384615383,37.03,3.703,Jabalpur
IND_RI_JAB_1986,Jabalpur,23.9,79.5,India,Kharif,1986,Treatment:T10,73.61,1097.1,30.334615384615383,31.42,3.1420000000000003,Jabalpur
IND_RI_JAB_1986,Jabalpur,23.9,79.5,India,Kharif,1986,Treatment:T11,73.14,1097.1,30.334615384615383,31.42,3.1420000000000003,Jabalpur
IND_RI_JAB_1986,Jabalpur,23.9,79.5,India,Kharif,1986,Treatment:T12,73.4,1097.1,30.334615384615383,35.38,3.5380000000000003,Jabalpur
IND_RI_JAB_1986,Jabalpur,23.9,79.5,India,Kharif,1986,Treatment:T13,70.94,1097.1,30.334615384615383,37.61,3.761,Jabalpur
IND_RI_JAB_1986,Jabalpur,23.9,79.5,India,Kharif,1986,Treatment:T14,72.71,1097.1,30.334615384615383,32.86,3.286,Jabalpur
IND_RI_JAB_1986,Jabalpur,23.9,79.5,India,Kharif,1986,Treatment:T15,72.28,1097.1,30.334615384615383,36.79,3.679,Jabalpur
IND_RI_JAB_1986,Jabalpur,23.9,79.5,India,Kharif,1986,Treatment:T16,72.99,1097.1,30.334615384615383,33.12,3.312,Jabalpur
IND_RI_JAB_1986,Jabalpur,23.9,79.5,India,Kharif,1986,Treatment:T17,72.62,1097.1,30.334615384615383,35.22,3.522,Jabalpur
IND_RI_JAB_1986,Jabalpur,23.9,79.5,India,Kharif,1986,Treatment:T18,74.86,1097.1,30.334615384615383,36.81,3.681000000000001,Jabalpur
IND_RI_JAB_1986,Jabalpur,23.9,79.5,India,Kharif,1986,Treatment:T19,73.38,1097.1,30.334615384615383,40.51,4.051,Jabalpur
IND_RI_JAB_1986,Jabalpur,23.9,79.5,India,Kharif,1986,Treatment:T20,67.07,1097.1,30.334615384615383,27.74,2.774,Jabalpur
IND_RI_JAB_1987,Jabalpur,24.49,80.58,India,Kharif,1987,Treatment:M1W1,71.2,1280.5,26.03695652173913,32.66,3.266,Jabalpur
IND_RI_JAB_1987,Jabalpur,24.49,80.58,India,Kharif,1987,Treatment:M1W2,74.95,1280.5,26.03695652173913,28.35,2.8350000000000004,Jabalpur
IND_RI_JAB_1987,Jabalpur,24.49,80.58,India,Kharif,1987,Treatment:M1W3,74.75,1280.5,26.03695652173913,36.15,3.615,Jabalpur
IND_RI_JAB_1987,Jabalpur,24.49,80.58,India,Kharif,1987,Treatment:M1W4,60.1,1280.5,26.03695652173913,28.77,2.877,Jabalpur
IND_RI_JAB_1987,Jabalpur,24.49,80.58,India,Kharif,1987,Treatment:M1W5,76.5,1280.5,26.03695652173913,34.87,3.487,Jabalpur
IND_RI_JAB_1987,Jabalpur,24.49,80.58,India,Kharif,1987,Treatment:M1W6,67.5,1280.5,26.03695652173913,8.54,0.854,Jabalpur
IND_RI_JAB_1987,Jabalpur,24.49,80.58,India,Kharif,1987,Treatment:M2W1,75.0,1280.5,26.03695652173913,33.03,3.3030000000000004,Jabalpur
IND_RI_JAB_1987,Jabalpur,24.49,80.58,India,Kharif,1987,Treatment:M2W2,75.25,1280.5,26.03695652173913,29.62,2.962,Jabalpur
IND_RI_JAB_1987,Jabalpur,24.49,80.58,India,Kharif,1987,Treatment:M2W3,68.35,1280.5,26.03695652173913,35.02,3.5020000000000007,Jabalpur
IND_RI_JAB_1987,Jabalpur,24.49,80.58,India,Kharif,1987,Treatment:M2W4,67.35,1280.5,26.03695652173913,19.2,1.92,Jabalpur
IND_RI_JAB_1987,Jabalpur,24.49,80.58,India,Kharif,1987,Treatment:M2W5,78.4,1280.5,26.03695652173913,19.88,1.988,Jabalpur
IND_RI_JAB_1987,Jabalpur,24.49,80.58,India,Kharif,1987,Treatment:M2W6,63.7,1280.5,26.03695652173913,5.79,0.5790000000000001,Jabalpur
IND_RI_JAB_1987,Jabalpur,24.49,80.58,India,Kharif,1987,Treatment:M3W1,70.55,1280.5,26.03695652173913,43.25,4.325,Jabalpur
IND_RI_JAB_1987,Jabalpur,24.49,80.58,India,Kharif,1987,Treatment:M3W2,68.95,1280.5,26.03695652173913,39.52,3.952,Jabalpur
IND_RI_JAB_1987,Jabalpur,24.49,80.58,India,Kharif,1987,Treatment:M3W3,70.2,1280.5,26.03695652173913,40.19,4.019,Jabalpur
IND_RI_JAB_1987,Jabalpur,24.49,80.58,India,Kharif,1987,Treatment:M3W4,66.85,1280.5,26.03695652173913,40.62,4.062,Jabalpur
IND_RI_JAB_1987,Jabalpur,24.49,80.58,India,Kharif,1987,Treatment:M3W5,65.65,1280.5,26.03695652173913,44.9,4.49,Jabalpur
IND_RI_JAB_1987,Jabalpur,24.49,80.58,India,Kharif,1987,Treatment:M3W6,63.95,1280.5,26.03695652173913,40.03,4.003,Jabalpur
IND_RI_JAB_1987,Jabalpur,24.49,80.58,India,Kharif,1987,Treatment:M4W1,75.85,1280.5,26.03695652173913,37.93,3.793,Jabalpur
IND_RI_JAB_1987,Jabalpur,24.49,80.58,India,Kharif,1987,Treatment:M4W2,73.15,1280.5,26.03695652173913,36.72,3.672,Jabalpur
IND_RI_JAB_1987,Jabalpur,24.49,80.58,India,Kharif,1987,Treatment:M4W3,74.2,1280.5,26.03695652173913,36.52,3.6520000000000006,Jabalpur
IND_RI_JAB_1987,Jabalpur,24.49,80.58,India,Kharif,1987,Treatment:M4W4,74.35,1280.5,26.03695652173913,36.84,3.6840000000000006,Jabalpur
IND_RI_JAB_1987,Jabalpur,24.49,80.58,India,Kharif,1987,Treatment:M4W5,74.05,1280.5,26.03695652173913,41.94,4.194,Jabalpur
IND_RI_JAB_1987,Jabalpur,24.49,80.58,India,Kharif,1987,Treatment:M4W6,70.07,1280.5,26.03695652173913,27.34,2.734,Jabalpur
IND_RI_JAB_1988,Jabalpur,23.9,79.5,India,Kharif,1988,Treatment:T1,85.5,1015.2,28.063157894736843,22.79,2.279,Jabalpur
IND_RI_JAB_1988,Jabalpur,23.9,79.5,India,Kharif,1988,Treatment:T2,90.74,1015.2,28.063157894736843,30.11,3.011,Jabalpur
IND_RI_JAB_1988,Jabalpur,23.9,79.5,India,Kharif,1988,Treatment:T3,90.33,1015.2,28.063157894736843,32.16,3.216,Jabalpur
IND_RI_JAB_1988,Jabalpur,23.9,79.5,India,Kharif,1988,Treatment:T4,93.54,1015.2,28.063157894736843,35.37,3.537,Jabalpur
IND_RI_JAB_1988,Jabalpur,23.9,79.5,India,Kharif,1988,Treatment:T5,95.44,1015.2,28.063157894736843,38.19,3.819,Jabalpur
IND_RI_JAB_1989,Jabalpur,23.9,79.5,India,Kharif,1989,Treatment:T1,76.2,364.0,28.01052631578947,25.5,2.5500000000000003,Jabalpur
IND_RI_JAB_1989,Jabalpur,23.9,79.5,India,Kharif,1989,Treatment:T2,80.39,364.0,28.01052631578947,32.0,3.2,Jabalpur
IND_RI_JAB_1989,Jabalpur,23.9,79.5,India,Kharif,1989,Treatment:T3,82.47,364.0,28.01052631578947,35.98,3.598,Jabalpur
IND_RI_JAB_1989,Jabalpur,23.9,79.5,India,Kharif,1989,Treatment:T4,86.48,364.0,28.01052631578947,38.48,3.848,Jabalpur
IND_RI_JAB_1989,Jabalpur,23.9,79.5,India,Kharif,1989,Treatment:T5,89.9,364.0,28.01052631578947,41.12,4.112,Jabalpur
IND_RI_JAB_1990,Jabalpur,23.9,79.5,India,Kharif,1990,Treatment:T1,64.87,1219.1,25.7425,37.51,3.751,Jabalpur
IND_RI_JAB_1990,Jabalpur,23.9,79.5,India,Kharif,1990,Treatment:T2,68.5,1219.1,25.7425,40.99,4.099,Jabalpur
IND_RI_JAB_1990,Jabalpur,23.9,79.5,India,Kharif,1990,Treatment:T3,65.62,1219.1,25.7425,37.26,3.726,Jabalpur
IND_RI_JAB_1990,Jabalpur,23.9,79.5,India,Kharif,1990,Treatment:T4,69.25,1219.1,25.7425,41.39,4.139,Jabalpur
IND_RI_JAB_1990,Jabalpur,23.9,79.5,India,Kharif,1990,Treatment:T5,66.5,1219.1,25.7425,36.93,3.693,Jabalpur
IND_RI_JAB_1990,Jabalpur,23.9,79.5,India,Kharif,1990,Treatment:T6,68.62,1219.1,25.7425,42.57,4.257000000000001,Jabalpur
IND_RI_JAB_1990,Jabalpur,23.9,79.5,India,Kharif,1990,Treatment:T7,68.5,1219.1,25.7425,42.23,4.223,Jabalpur
IND_RI_JAB_1990,Jabalpur,23.9,79.5,India,Kharif,1990,Treatment:T8,68.37,1219.1,25.7425,43.3,4.33,Jabalpur
IND_RI_JAB_1990,Jabalpur,23.9,79.5,India,Kharif,1990,Treatment:T9,74.87,1219.1,25.7425,44.4,4.44,Jabalpur
IND_RI_JAB_1990,Jabalpur,23.9,79.5,India,Kharif,1990,Treatment:T10,63.37,1219.1,25.7425,26.42,2.6420000000000003,Jabalpur
IND_RI_JAB_1990,Jabalpur,23.9,79.5,India,Kharif,1990,Treatment:T11,66.75,1219.1,25.7425,39.67,3.967000000000001,Jabalpur
IND_RI_JAB_1990,Jabalpur,23.9,79.5,India,Kharif,1990,Treatment:T12,75.25,1219.1,25.7425,44.92,4.492,Jabalpur
IND_RI_JAB_2003,Jabalpur,23.9,79.5,India,Kharif,2003,Treatment:T1,39.9,1698.4,26.889829192546586,31.69,3.1690000000000005,Jabalpur
IND_RI_JAB_2003,Jabalpur,23.9,79.5,India,Kharif,2003,Treatment:T2,55.4,1698.4,26.889829192546586,47.78,4.7780000000000005,Jabalpur
IND_RI_JAB_2003,Jabalpur,23.9,79.5,India,Kharif,2003,Treatment:T3,55.9,1698.4,26.889829192546586,46.42,4.642,Jabalpur
IND_RI_JAB_2003,Jabalpur,23.9,79.5,India,Kharif,2003,Treatment:T4,65.8,1698.4,26.889829192546586,51.76,5.176,Jabalpur
IND_RI_JAB_2003,Jabalpur,23.9,79.5,India,Kharif,2003,Treatment:T5,68.8,1698.4,26.889829192546586,54.37,5.437,Jabalpur
IND_RI_JAB_2003,Jabalpur,23.9,79.5,India,Kharif,2003,Treatment:T6,74.0,1698.4,26.889829192546586,56.14,5.614000000000001,Jabalpur
IND_RI_JAB_2003,Jabalpur,23.9,79.5,India,Kharif,2003,Treatment:T7,72.6,1698.4,26.889829192546586,54.83,5.4830000000000005,Jabalpur
IND_RI_JAB_2003,Jabalpur,23.9,79.5,India,Kharif,2003,Treatment:T8,72.9,1698.4,26.889829192546586,54.09,5.409000000000001,Jabalpur
IND_RI_JAB_2003,Jabalpur,23.9,79.5,India,Kharif,2003,Treatment:T9,71.3,1698.4,26.889829192546586,53.72,5.372,Jabalpur
IND_RI_JAB_2003,Jabalpur,23.9,79.5,India,Kharif,2003,Treatment:T10,75.6,1698.4,26.889829192546586,59.43,5.9430000000000005,Jabalpur
IND_RI_JAB_2003,Jabalpur,23.9,79.5,India,Kharif,2003,Treatment:T11,74.2,1698.4,26.889829192546586,55.67,5.567,Jabalpur
IND_RI_JAB_2003,Jabalpur,23.9,79.5,India,Kharif,2003,Treatment:T12,57.2,1698.4,26.889829192546586,48.15,4.815,Jabalpur
IND_RI_JAB_2011,Jabalpur,23.9,79.58,,Kharif,2011,Treatment:T1,101.3,1537.2999999999995,26.560714285714287,57.4,5.74,Jabalpur
IND_RI_JAB_2011,Jabalpur,23.9,79.58,,Kharif,2011,Treatment:T2,101.7,1537.2999999999995,26.560714285714287,58.5,5.8500000000000005,Jabalpur
IND_RI_JAB_2011,Jabalpur,23.9,79.58,,Kharif,2011,Treatment:T3,102.0,1537.2999999999995,26.560714285714287,60.9,6.09,Jabalpur
IND_RI_JAB_2011,Jabalpur,23.9,79.58,,Kharif,2011,Treatment T4,102.5,1537.2999999999995,26.560714285714287,64.6,6.46,Jabalpur
IND_RI_FAZ_2000,Faizabad,26.47,82.12,India,Kharif,2000,Treatment:M1,100.23,768.9,28.92631578947368,37.43,3.7430000000000003,Faizabad
IND_RI_FAZ_2000,Faizabad,26.47,82.12,India,Kharif,2000,Treatment:M2,92.77,768.9,28.92631578947368,31.47,3.1470000000000002,Faizabad
IND_RI_FAZ_2000,Faizabad,26.47,82.12,India,Kharif,2000,Treatment:M3,90.47,768.9,28.92631578947368,28.53,2.853,Faizabad
IND_RI_FAZ_2001,Faizabad,26.47,82.12,India,Kharif,2001,Treatment:M1,105.5,715.7,28.68157894736842,40.6,4.0600000000000005,Faizabad
IND_RI_FAZ_2001,Faizabad,26.47,82.12,India,Kharif,2001,Treatment:M2,95.25,715.7,28.68157894736842,34.15,3.415,Faizabad
IND_RI_FAZ_2001,Faizabad,26.47,82.12,India,Kharif,2001,Treatment:M3,91.67,715.7,28.68157894736842,29.6,2.9600000000000004,Faizabad
